{
	"format_version": "1.12.0",
	"minecraft:geometry": [
		{
			"description": {
				"identifier": "geometry.legoBlackMan",
				"texture_width": 128,
				"texture_height": 128,
				"visible_bounds_width": 4,
				"visible_bounds_height": 4.5,
				"visible_bounds_offset": [0, 1.75, 0]
			},
			"bones": [
				{
					"name": "Lhand",
					"pivot": [-1, 0, 0],
					"cubes": [
						{
							"origin": [-14.3, 24, -4],
							"size": [5, 4, 4],
							"pivot": [-10.3, 25, -2],
							"rotation": [0, 0, -30],
							"uv": {
								"north": {"uv": [39, 18], "uv_size": [5, 4]},
								"east": {"uv": [32, 37], "uv_size": [4, 4]},
								"south": {"uv": [7, 59], "uv_size": [5, 4]},
								"west": {"uv": [62, 14], "uv_size": [4, 4]},
								"up": {"uv": [12, 59], "uv_size": [5, 4]},
								"down": {"uv": [17, 63], "uv_size": [5, -4]}
							}
						},
						{
							"origin": [-19.76554, 21.41782, -3.5],
							"size": [7.5, 3.5, 4],
							"pivot": [-14.51554, 22.81782, -1.5],
							"rotation": [-9.00717, 20.70481, -54.14867],
							"uv": {
								"north": {"uv": [21, 55], "uv_size": [7, 4]},
								"east": {"uv": [62, 51], "uv_size": [4, 4]},
								"south": {"uv": [55, 51], "uv_size": [7, 4]},
								"west": {"uv": [62, 55], "uv_size": [4, 4]},
								"up": {"uv": [55, 55], "uv_size": [7, 4]},
								"down": {"uv": [56, 22], "uv_size": [7, -4]}
							}
						},
						{
							"origin": [-19.76554, 14.81782, -1.4],
							"size": [3.1, 1.1, 4.7],
							"pivot": [-18.51554, 17.11782, 1.5],
							"rotation": [-15.63367, 16.3882, -74.76498],
							"uv": {
								"north": {"uv": [32, 41], "uv_size": [3, 1]},
								"east": {"uv": [55, 14], "uv_size": [5, 1]},
								"south": {"uv": [21, 54], "uv_size": [3, 1]},
								"west": {"uv": [66, 8], "uv_size": [5, 1]},
								"up": {"uv": [28, 55], "uv_size": [3, 5]},
								"down": {"uv": [8, 68], "uv_size": [3, -5]}
							}
						},
						{
							"origin": [-22.06554, 17.91782, -0.8],
							"size": [3.1, 1.1, 4.7],
							"pivot": [-20.81554, 20.21782, 2.1],
							"rotation": [-1.03509, 22.47741, -32.70569],
							"uv": {
								"north": {"uv": [66, 55], "uv_size": [3, 1]},
								"east": {"uv": [66, 22], "uv_size": [5, 1]},
								"south": {"uv": [66, 56], "uv_size": [3, 1]},
								"west": {"uv": [66, 33], "uv_size": [5, 1]},
								"up": {"uv": [11, 63], "uv_size": [3, 5]},
								"down": {"uv": [14, 68], "uv_size": [3, -5]}
							}
						}
					]
				},
				{
					"name": "Rhand",
					"pivot": [-10, 0, 0],
					"cubes": [
						{
							"origin": [-1.7, 24, -4],
							"size": [5, 4, 4],
							"pivot": [-0.7, 25, -2],
							"rotation": [0, 0, 30],
							"uv": {
								"north": {"uv": [22, 59], "uv_size": [5, 4]},
								"east": {"uv": [58, 62], "uv_size": [4, 4]},
								"south": {"uv": [59, 34], "uv_size": [5, 4]},
								"west": {"uv": [62, 62], "uv_size": [4, 4]},
								"up": {"uv": [59, 38], "uv_size": [5, 4]},
								"down": {"uv": [53, 63], "uv_size": [5, -4]}
							}
						},
						{
							"origin": [1.26554, 21.41782, -3.5],
							"size": [7.5, 3.5, 4],
							"pivot": [3.51554, 22.81782, -1.5],
							"rotation": [-9.00717, -20.70481, 54.14867],
							"uv": {
								"north": {"uv": [56, 22], "uv_size": [7, 4]},
								"east": {"uv": [0, 63], "uv_size": [4, 4]},
								"south": {"uv": [56, 26], "uv_size": [7, 4]},
								"west": {"uv": [4, 63], "uv_size": [4, 4]},
								"up": {"uv": [56, 30], "uv_size": [7, 4]},
								"down": {"uv": [56, 46], "uv_size": [7, -4]}
							}
						},
						{
							"origin": [5.66554, 14.81782, -1.4],
							"size": [3.1, 1.1, 4.7],
							"pivot": [7.51554, 17.11782, 1.5],
							"rotation": [-15.63367, -16.3882, 74.76498],
							"uv": {
								"north": {"uv": [66, 57], "uv_size": [3, 1]},
								"east": {"uv": [66, 34], "uv_size": [5, 1]},
								"south": {"uv": [58, 66], "uv_size": [3, 1]},
								"west": {"uv": [66, 35], "uv_size": [5, 1]},
								"up": {"uv": [17, 63], "uv_size": [3, 5]},
								"down": {"uv": [63, 23], "uv_size": [3, -5]}
							}
						},
						{
							"origin": [7.96554, 17.91782, -0.8],
							"size": [3.1, 1.1, 4.7],
							"pivot": [9.81554, 20.21782, 2.1],
							"rotation": [-1.03509, -22.47741, 32.70569],
							"uv": {
								"north": {"uv": [66, 58], "uv_size": [3, 1]},
								"east": {"uv": [66, 36], "uv_size": [5, 1]},
								"south": {"uv": [61, 66], "uv_size": [3, 1]},
								"west": {"uv": [66, 37], "uv_size": [5, 1]},
								"up": {"uv": [20, 63], "uv_size": [3, 5]},
								"down": {"uv": [23, 68], "uv_size": [3, -5]}
							}
						}
					]
				},
				{
					"name": "legs",
					"pivot": [0, 0, 0],
					"cubes": [
						{
							"origin": [-13, 11, -5],
							"size": [15, 3, 6],
							"uv": {
								"north": {"uv": [47, 15], "uv_size": [15, 3]},
								"east": {"uv": [58, 59], "uv_size": [6, 3]},
								"south": {"uv": [48, 48], "uv_size": [15, 3]},
								"west": {"uv": [0, 60], "uv_size": [6, 3]},
								"up": {"uv": [24, 0], "uv_size": [15, 6]},
								"down": {"uv": [24, 12], "uv_size": [15, -6]}
							}
						},
						{
							"origin": [-5, 2, -4],
							"size": [7, 9, 5],
							"uv": {
								"north": {"uv": [44, 18], "uv_size": [7, 9]},
								"east": {"uv": [51, 18], "uv_size": [5, 9]},
								"south": {"uv": [44, 27], "uv_size": [7, 9]},
								"west": {"uv": [51, 27], "uv_size": [5, 9]},
								"up": {"uv": [54, 0], "uv_size": [7, 5]},
								"down": {"uv": [7, 59], "uv_size": [7, -5]}
							}
						},
						{
							"origin": [-5, 0, -4],
							"size": [7, 2, 6],
							"uv": {
								"north": {"uv": [56, 46], "uv_size": [7, 2]},
								"east": {"uv": [63, 27], "uv_size": [6, 2]},
								"south": {"uv": [63, 23], "uv_size": [7, 2]},
								"west": {"uv": [63, 29], "uv_size": [6, 2]},
								"up": {"uv": [41, 51], "uv_size": [7, 6]},
								"down": {"uv": [48, 57], "uv_size": [7, -6]}
							}
						},
						{
							"origin": [-13, 0, -4],
							"size": [7, 2, 6],
							"uv": {
								"north": {"uv": [63, 25], "uv_size": [7, 2]},
								"east": {"uv": [63, 31], "uv_size": [6, 2]},
								"south": {"uv": [26, 63], "uv_size": [7, 2]},
								"west": {"uv": [33, 63], "uv_size": [6, 2]},
								"up": {"uv": [52, 36], "uv_size": [7, 6]},
								"down": {"uv": [0, 60], "uv_size": [7, -6]}
							}
						},
						{
							"origin": [-13, 2, -4],
							"size": [7, 9, 5],
							"uv": {
								"north": {"uv": [24, 46], "uv_size": [7, 9]},
								"east": {"uv": [31, 51], "uv_size": [5, 9]},
								"south": {"uv": [47, 0], "uv_size": [7, 9]},
								"west": {"uv": [36, 51], "uv_size": [5, 9]},
								"up": {"uv": [14, 54], "uv_size": [7, 5]},
								"down": {"uv": [55, 10], "uv_size": [7, -5]}
							}
						},
						{
							"origin": [-13, 14, -5],
							"size": [15, 2, 6],
							"uv": {
								"north": {"uv": [55, 10], "uv_size": [15, 2]},
								"east": {"uv": [63, 42], "uv_size": [6, 2]},
								"south": {"uv": [55, 12], "uv_size": [15, 2]},
								"west": {"uv": [63, 44], "uv_size": [6, 2]},
								"up": {"uv": [24, 12], "uv_size": [15, 6]},
								"down": {"uv": [24, 24], "uv_size": [15, -6]}
							}
						}
					]
				},
				{
					"name": "body",
					"pivot": [-0.5, 22.5, -2],
					"cubes": [
						{
							"origin": [-9.25, 16, -5],
							"size": [7.5, 12.75, 6],
							"uv": {
								"north": {"uv": [0, 0], "uv_size": [8, 13]},
								"east": {"uv": [24, 24], "uv_size": [6, 13]},
								"south": {"uv": [8, 0], "uv_size": [8, 13]},
								"west": {"uv": [0, 26], "uv_size": [6, 13]},
								"up": {"uv": [44, 36], "uv_size": [8, 6]},
								"down": {"uv": [47, 15], "uv_size": [8, -6]}
							}
						},
						{
							"origin": [-6.25, 16, -4.9],
							"size": [7.5, 13.05, 5.8],
							"pivot": [-0.5, 22.5, -2],
							"rotation": [0, 0, -10],
							"uv": {
								"north": {"uv": [16, 0], "uv_size": [8, 13]},
								"east": {"uv": [18, 26], "uv_size": [6, 13]},
								"south": {"uv": [16, 13], "uv_size": [8, 13]},
								"west": {"uv": [30, 24], "uv_size": [6, 13]},
								"up": {"uv": [16, 48], "uv_size": [8, 6]},
								"down": {"uv": [48, 48], "uv_size": [8, -6]}
							}
						},
						{
							"origin": [-12.25, 16, -4.9],
							"size": [7.5, 13.05, 5.8],
							"pivot": [-10.5, 22.5, -2],
							"rotation": [0, 0, 10],
							"uv": {
								"north": {"uv": [0, 13], "uv_size": [8, 13]},
								"east": {"uv": [6, 26], "uv_size": [6, 13]},
								"south": {"uv": [8, 13], "uv_size": [8, 13]},
								"west": {"uv": [12, 26], "uv_size": [6, 13]},
								"up": {"uv": [0, 48], "uv_size": [8, 6]},
								"down": {"uv": [8, 54], "uv_size": [8, -6]}
							}
						}
					]
				},
				{
					"name": "head",
					"pivot": [0, 1, 0],
					"cubes": [
						{
							"origin": [-8.25, 28.6, -4],
							"size": [5.5, 2.75, 4],
							"uv": {
								"north": {"uv": [27, 60], "uv_size": [6, 3]},
								"east": {"uv": [63, 46], "uv_size": [4, 3]},
								"south": {"uv": [33, 60], "uv_size": [6, 3]},
								"west": {"uv": [53, 63], "uv_size": [4, 3]},
								"up": {"uv": [41, 57], "uv_size": [6, 4]},
								"down": {"uv": [47, 61], "uv_size": [6, -4]}
							}
						},
						{
							"origin": [-9.25, 31.4, 2],
							"size": [7.5, 8.75, 1],
							"uv": {
								"north": {"uv": [36, 24], "uv_size": [8, 9]},
								"east": {"uv": [57, 63], "uv_size": [1, 9]},
								"south": {"uv": [36, 33], "uv_size": [8, 9]},
								"west": {"uv": [64, 0], "uv_size": [1, 9]},
								"up": {"uv": [62, 9], "uv_size": [8, 1]},
								"down": {"uv": [63, 50], "uv_size": [8, -1]}
							}
						},
						{
							"origin": [-13.55, 31.4, -2.2],
							"size": [8, 8.75, 1],
							"pivot": [-9.8, 35.775, -1.7],
							"rotation": [0, 90, 0],
							"uv": {
								"north": {"uv": [39, 0], "uv_size": [8, 9]},
								"east": {"uv": [30, 65], "uv_size": [1, 9]},
								"south": {"uv": [8, 39], "uv_size": [8, 9]},
								"west": {"uv": [31, 65], "uv_size": [1, 9]},
								"up": {"uv": [64, 60], "uv_size": [8, 1]},
								"down": {"uv": [64, 62], "uv_size": [8, -1]}
							}
						},
						{
							"origin": [-10.25, 31.4, 1.6],
							"size": [1.5, 8.75, 1],
							"pivot": [-9.5, 35.775, 2.1],
							"rotation": [0, -45, 0],
							"uv": {
								"north": {"uv": [39, 60], "uv_size": [2, 9]},
								"east": {"uv": [26, 65], "uv_size": [1, 9]},
								"south": {"uv": [41, 61], "uv_size": [2, 9]},
								"west": {"uv": [27, 65], "uv_size": [1, 9]},
								"up": {"uv": [60, 14], "uv_size": [2, 1]},
								"down": {"uv": [55, 67], "uv_size": [2, -1]}
							}
						},
						{
							"origin": [-10.25, 31.4, -6.6],
							"size": [1.5, 8.75, 1],
							"pivot": [-9.5, 35.775, -6.1],
							"rotation": [0, 45, 0],
							"uv": {
								"north": {"uv": [43, 61], "uv_size": [2, 9]},
								"east": {"uv": [28, 65], "uv_size": [1, 9]},
								"south": {"uv": [45, 61], "uv_size": [2, 9]},
								"west": {"uv": [29, 65], "uv_size": [1, 9]},
								"up": {"uv": [66, 62], "uv_size": [2, 1]},
								"down": {"uv": [66, 64], "uv_size": [2, -1]}
							}
						},
						{
							"origin": [-2.25, 31.4, 1.6],
							"size": [1.5, 8.75, 1],
							"pivot": [-1.5, 35.775, 2.1],
							"rotation": [0, 45, 0],
							"uv": {
								"north": {"uv": [51, 61], "uv_size": [2, 9]},
								"east": {"uv": [35, 65], "uv_size": [1, 9]},
								"south": {"uv": [62, 0], "uv_size": [2, 9]},
								"west": {"uv": [36, 65], "uv_size": [1, 9]},
								"up": {"uv": [66, 65], "uv_size": [2, 1]},
								"down": {"uv": [66, 67], "uv_size": [2, -1]}
							}
						},
						{
							"origin": [-5.45, 31.4, -2.2],
							"size": [8, 8.75, 1],
							"pivot": [-1.2, 35.775, -1.7],
							"rotation": [0, -90, 0],
							"uv": {
								"north": {"uv": [39, 9], "uv_size": [8, 9]},
								"east": {"uv": [65, 33], "uv_size": [1, 9]},
								"south": {"uv": [16, 39], "uv_size": [8, 9]},
								"west": {"uv": [34, 65], "uv_size": [1, 9]},
								"up": {"uv": [66, 0], "uv_size": [8, 1]},
								"down": {"uv": [66, 2], "uv_size": [8, -1]}
							}
						},
						{
							"origin": [-2.25, 31.4, -6.6],
							"size": [1.5, 8.75, 1],
							"pivot": [-1.5, 35.775, -6.1],
							"rotation": [0, -45, 0],
							"uv": {
								"north": {"uv": [47, 61], "uv_size": [2, 9]},
								"east": {"uv": [32, 65], "uv_size": [1, 9]},
								"south": {"uv": [49, 61], "uv_size": [2, 9]},
								"west": {"uv": [33, 65], "uv_size": [1, 9]},
								"up": {"uv": [64, 66], "uv_size": [2, 1]},
								"down": {"uv": [66, 65], "uv_size": [2, -1]}
							}
						},
						{
							"origin": [-9.25, 31.4, -7],
							"size": [7.5, 8.75, 1],
							"uv": {
								"north": {"uv": [24, 37], "uv_size": [8, 9]},
								"east": {"uv": [64, 33], "uv_size": [1, 9]},
								"south": {"uv": [0, 39], "uv_size": [8, 9]},
								"west": {"uv": [65, 0], "uv_size": [1, 9]},
								"up": {"uv": [63, 50], "uv_size": [8, 1]},
								"down": {"uv": [64, 60], "uv_size": [8, -1]}
							}
						},
						{
							"origin": [-9.75, 40.15, -6.2],
							"size": [8.4, 0, 8.5],
							"uv": {
								"north": {"uv": [0, 0], "uv_size": [8, 0]},
								"east": {"uv": [0, 0], "uv_size": [9, 0]},
								"south": {"uv": [0, 0], "uv_size": [8, 0]},
								"west": {"uv": [0, 0], "uv_size": [9, 0]},
								"up": {"uv": [32, 42], "uv_size": [8, 9]},
								"down": {"uv": [40, 51], "uv_size": [8, -9]}
							}
						},
						{
							"origin": [-7.75, 40.15, -1.2],
							"size": [4.4, 2, 1.5],
							"uv": {
								"north": {"uv": [39, 22], "uv_size": [4, 2]},
								"east": {"uv": [56, 34], "uv_size": [2, 2]},
								"south": {"uv": [66, 2], "uv_size": [4, 2]},
								"west": {"uv": [53, 57], "uv_size": [2, 2]},
								"up": {"uv": [66, 4], "uv_size": [4, 2]},
								"down": {"uv": [66, 8], "uv_size": [4, -2]}
							}
						},
						{
							"origin": [-7.75, 40.15, -2.7],
							"size": [1.4, 2, 1.5],
							"uv": {
								"north": {"uv": [43, 22], "uv_size": [1, 2]},
								"east": {"uv": [66, 40], "uv_size": [2, 2]},
								"south": {"uv": [31, 46], "uv_size": [1, 2]},
								"west": {"uv": [66, 51], "uv_size": [2, 2]},
								"up": {"uv": [31, 48], "uv_size": [1, 2]},
								"down": {"uv": [54, 7], "uv_size": [1, -2]}
							}
						},
						{
							"origin": [-4.75, 40.15, -2.7],
							"size": [1.4, 2, 1.5],
							"uv": {
								"north": {"uv": [54, 7], "uv_size": [1, 2]},
								"east": {"uv": [53, 66], "uv_size": [2, 2]},
								"south": {"uv": [58, 34], "uv_size": [1, 2]},
								"west": {"uv": [66, 53], "uv_size": [2, 2]},
								"up": {"uv": [6, 60], "uv_size": [1, 2]},
								"down": {"uv": [61, 2], "uv_size": [1, -2]}
							}
						},
						{
							"origin": [-7.75, 40.15, -4.2],
							"size": [4.4, 2, 1.5],
							"uv": {
								"north": {"uv": [66, 14], "uv_size": [4, 2]},
								"east": {"uv": [37, 65], "uv_size": [2, 2]},
								"south": {"uv": [66, 16], "uv_size": [4, 2]},
								"west": {"uv": [66, 38], "uv_size": [2, 2]},
								"up": {"uv": [66, 18], "uv_size": [4, 2]},
								"down": {"uv": [66, 22], "uv_size": [4, -2]}
							}
						}
					]
				}
			]
		}
	]
}